<?xml version="1.0" encoding="UTF-8"?>
<Reports lib="QtRPT" programmer="Aleksey Osipov" email="aliks-os@yandex.ru">
  <Report pageHeight="1188" marginsLeft="40" marginsTop="40" orientation="0" pageWidth="840" pageNo="1" marginsRight="40" marginsBottom="40">
    <ReportBand top="40" width="760" left="40" type="ReportTitle" height="422" name="RepTitleBand">
      <TContainerField width="380" autoFillData="0" caption="Analyse of the market" highlighting="" showCaption="1" top="119" fontItalic="0" fontSize="10" value="" borderBottom="rgba(0,0,0,255)" borderWidth="1px" fontFamily="MS Shell Dlg 2" borderLeft="rgba(0,0,0,255)" showPercent="1" borderTop="rgba(0,0,0,255)" borderRight="rgba(0,0,0,255)" type="diagram" showGrid="1" aligmentH="hLeft" fontBold="0" name="diagram1" borderColor="rgba(0,0,0,255)" borderStyle="solid" printing="1" fontUnderline="0" left="0" fontStrikeout="0" fontColor="rgba(0,0,0,255)" showGraphCaption="1" backgroundColor="rgba(255,255,255,255)" height="300" showLegend="1" aligmentV="vCenter"/>
      <TContainerField width="454" highlighting="" fontSize="24" top="2" fontItalic="1" value="The analysis of sales&#xa;on the markets" borderBottom="rgba(255,255,255,0)" borderWidth="1px" fontFamily="MS Shell Dlg 2" borderLeft="rgba(255,255,255,0)" borderTop="rgba(255,255,255,0)" borderRight="rgba(255,255,255,0)" type="label" aligmentH="hCenter" fontBold="1" name="field1" borderColor="rgba(0,0,0,255)" borderStyle="solid" printing="1" fontUnderline="0" left="166" fontStrikeout="0" fontColor="rgba(0,0,0,255)" backgroundColor="rgba(255,255,255,0)" height="83" aligmentV="vCenter"/>
      <TContainerField width="380" autoFillData="1" caption="Analyse of the market" highlighting="" showCaption="1" top="119" fontItalic="0" fontSize="10" value="" borderBottom="rgba(0,0,0,255)" borderWidth="1px" fontFamily="MS Shell Dlg 2" borderLeft="rgba(0,0,0,255)" showPercent="0" borderTop="rgba(0,0,0,255)" borderRight="rgba(0,0,0,255)" type="diagram" showGrid="1" aligmentH="hLeft" fontBold="0" name="diagram2" borderColor="rgba(0,0,0,255)" borderStyle="solid" printing="1" fontUnderline="0" left="379" fontStrikeout="0" fontColor="rgba(0,0,0,255)" showGraphCaption="1" backgroundColor="rgba(255,255,255,255)" height="300" showLegend="1" aligmentV="vCenter">
        <graph value="&lt;Sum([eur])>" caption="EUR" color="rgba(255,255,0,255)"/>
        <graph value="&lt;Sum([us])>" caption="US" color="rgba(0,0,255,255)"/>
        <graph value="&lt;Sum([ukraine])>" caption="Ukraine" color="rgba(255,0,0,255)"/>
        <graph value="&lt;Sum([georgia])>" caption="Georgia" color="rgba(0,170,0,255)"/>
        <graph value="&lt;Sum([other])>" caption="Other" color="rgba(255,85,255,255)"/>
      </TContainerField>
      <TContainerField width="239" highlighting="" fontSize="10" top="92" fontItalic="1" value="Diagram with manual getting data" borderBottom="rgba(255,255,255,0)" borderWidth="1px" fontFamily="MS Shell Dlg 2" borderLeft="rgba(255,255,255,0)" borderTop="rgba(255,255,255,0)" borderRight="rgba(255,255,255,0)" type="label" aligmentH="hLeft" fontBold="0" name="field20" borderColor="rgba(0,0,0,255)" borderStyle="solid" printing="1" fontUnderline="0" left="70" fontStrikeout="0" fontColor="rgba(0,0,0,255)" backgroundColor="rgba(255,255,255,0)" height="30" aligmentV="vCenter"/>
      <TContainerField width="268" highlighting="" fontSize="10" top="91" fontItalic="1" value="Diagram with aggregate getting data" borderBottom="rgba(255,255,255,0)" borderWidth="1px" fontFamily="MS Shell Dlg 2" borderLeft="rgba(255,255,255,0)" borderTop="rgba(255,255,255,0)" borderRight="rgba(255,255,255,0)" type="label" aligmentH="hLeft" fontBold="0" name="field21" borderColor="rgba(0,0,0,255)" borderStyle="solid" printing="1" fontUnderline="0" left="451" fontStrikeout="0" fontColor="rgba(0,0,0,255)" backgroundColor="rgba(255,255,255,0)" height="30" aligmentV="vCenter"/>
    </ReportBand>
    <ReportBand top="484" width="760" left="40" type="MasterHeader" showInGroup="0" height="30" name="MasterHeaderBand">
      <TContainerField width="122" highlighting="" fontSize="10" top="0" fontItalic="0" value="Month" borderBottom="rgba(0,0,0,255)" borderWidth="1px" fontFamily="MS Shell Dlg 2" borderLeft="rgba(0,0,0,255)" borderTop="rgba(0,0,0,255)" borderRight="rgba(0,0,0,255)" type="label" aligmentH="hCenter" fontBold="1" name="field3" borderColor="rgba(0,0,0,255)" borderStyle="solid" printing="1" fontUnderline="0" left="1" fontStrikeout="0" fontColor="rgba(0,0,0,255)" backgroundColor="rgba(0,255,0,255)" height="30" aligmentV="vCenter"/>
      <TContainerField width="112" highlighting="" fontSize="10" top="0" fontItalic="0" value="EUR" borderBottom="rgba(0,0,0,255)" borderWidth="1px" fontFamily="MS Shell Dlg 2" borderLeft="rgba(0,0,0,255)" borderTop="rgba(0,0,0,255)" borderRight="rgba(0,0,0,255)" type="label" aligmentH="hCenter" fontBold="1" name="field4" borderColor="rgba(0,0,0,255)" borderStyle="solid" printing="1" fontUnderline="0" left="122" fontStrikeout="0" fontColor="rgba(0,0,0,255)" backgroundColor="rgba(0,255,0,255)" height="30" aligmentV="vCenter"/>
      <TContainerField width="130" highlighting="" fontSize="10" top="0" fontItalic="0" value="US" borderBottom="rgba(0,0,0,255)" borderWidth="1px" fontFamily="MS Shell Dlg 2" borderLeft="rgba(0,0,0,255)" borderTop="rgba(0,0,0,255)" borderRight="rgba(0,0,0,255)" type="label" aligmentH="hCenter" fontBold="1" name="field5" borderColor="rgba(0,0,0,255)" borderStyle="solid" printing="1" fontUnderline="0" left="233" fontStrikeout="0" fontColor="rgba(0,0,0,255)" backgroundColor="rgba(0,255,0,255)" height="30" aligmentV="vCenter"/>
      <TContainerField width="130" highlighting="" fontSize="10" top="0" fontItalic="0" value="Ukraine" borderBottom="rgba(0,0,0,255)" borderWidth="1px" fontFamily="MS Shell Dlg 2" borderLeft="rgba(0,0,0,255)" borderTop="rgba(0,0,0,255)" borderRight="rgba(0,0,0,255)" type="label" aligmentH="hCenter" fontBold="1" name="field6" borderColor="rgba(0,0,0,255)" borderStyle="solid" printing="1" fontUnderline="0" left="362" fontStrikeout="0" fontColor="rgba(0,0,0,255)" backgroundColor="rgba(0,255,0,255)" height="30" aligmentV="vCenter"/>
      <TContainerField width="130" highlighting="" fontSize="10" top="0" fontItalic="0" value="Georgia" borderBottom="rgba(0,0,0,255)" borderWidth="1px" fontFamily="MS Shell Dlg 2" borderLeft="rgba(0,0,0,255)" borderTop="rgba(0,0,0,255)" borderRight="rgba(0,0,0,255)" type="label" aligmentH="hCenter" fontBold="1" name="field7" borderColor="rgba(0,0,0,255)" borderStyle="solid" printing="1" fontUnderline="0" left="491" fontStrikeout="0" fontColor="rgba(0,0,0,255)" backgroundColor="rgba(0,255,0,255)" height="30" aligmentV="vCenter"/>
      <TContainerField width="130" highlighting="" fontSize="10" top="0" fontItalic="0" value="Other" borderBottom="rgba(0,0,0,255)" borderWidth="1px" fontFamily="MS Shell Dlg 2" borderLeft="rgba(0,0,0,255)" borderTop="rgba(0,0,0,255)" borderRight="rgba(0,0,0,255)" type="label" aligmentH="hCenter" fontBold="1" name="field8" borderColor="rgba(0,0,0,255)" borderStyle="solid" printing="1" fontUnderline="0" left="620" fontStrikeout="0" fontColor="rgba(0,0,0,255)" backgroundColor="rgba(0,255,0,255)" height="30" aligmentV="vCenter"/>
    </ReportBand>
    <ReportBand top="536" width="760" left="40" type="MasterData" height="23" name="MasterDataBand">
      <TContainerField width="122" highlighting="" fontSize="10" top="0" fontItalic="0" value="[month]" borderBottom="rgba(0,0,0,255)" borderWidth="1px" fontFamily="MS Shell Dlg 2" borderLeft="rgba(0,0,0,255)" borderTop="rgba(0,0,0,255)" borderRight="rgba(0,0,0,255)" type="label" aligmentH="hCenter" fontBold="1" name="field2" borderColor="rgba(0,0,0,255)" borderStyle="solid" printing="1" fontUnderline="0" left="1" fontStrikeout="0" fontColor="rgba(0,0,0,255)" backgroundColor="rgba(255,255,255,0)" height="23" aligmentV="vCenter"/>
      <TContainerField width="112" highlighting="" fontSize="10" top="0" fontItalic="0" value="[eur]" borderBottom="rgba(0,0,0,255)" borderWidth="1px" fontFamily="MS Shell Dlg 2" borderLeft="rgba(0,0,0,255)" borderTop="rgba(0,0,0,255)" borderRight="rgba(0,0,0,255)" type="label" aligmentH="hRight" fontBold="1" name="field9" borderColor="rgba(0,0,0,255)" borderStyle="solid" printing="1" fontUnderline="0" left="122" fontStrikeout="0" fontColor="rgba(0,0,0,255)" backgroundColor="rgba(255,255,255,0)" height="23" aligmentV="vCenter"/>
      <TContainerField width="130" highlighting="" fontSize="10" top="0" fontItalic="0" value="[us]" borderBottom="rgba(0,0,0,255)" borderWidth="1px" fontFamily="MS Shell Dlg 2" borderLeft="rgba(0,0,0,255)" borderTop="rgba(0,0,0,255)" borderRight="rgba(0,0,0,255)" type="label" aligmentH="hRight" fontBold="1" name="field10" borderColor="rgba(0,0,0,255)" borderStyle="solid" printing="1" fontUnderline="0" left="233" fontStrikeout="0" fontColor="rgba(0,0,0,255)" backgroundColor="rgba(255,255,255,0)" height="23" aligmentV="vCenter"/>
      <TContainerField width="130" highlighting="" fontSize="10" top="0" fontItalic="0" value="[ukraine]" borderBottom="rgba(0,0,0,255)" borderWidth="1px" fontFamily="MS Shell Dlg 2" borderLeft="rgba(0,0,0,255)" borderTop="rgba(0,0,0,255)" borderRight="rgba(0,0,0,255)" type="label" aligmentH="hRight" fontBold="1" name="field11" borderColor="rgba(0,0,0,255)" borderStyle="solid" printing="1" fontUnderline="0" left="362" fontStrikeout="0" fontColor="rgba(0,0,0,255)" backgroundColor="rgba(255,255,255,0)" height="23" aligmentV="vCenter"/>
      <TContainerField width="130" highlighting="" fontSize="10" top="0" fontItalic="0" value="[georgia]" borderBottom="rgba(0,0,0,255)" borderWidth="1px" fontFamily="MS Shell Dlg 2" borderLeft="rgba(0,0,0,255)" borderTop="rgba(0,0,0,255)" borderRight="rgba(0,0,0,255)" type="label" aligmentH="hRight" fontBold="1" name="field12" borderColor="rgba(0,0,0,255)" borderStyle="solid" printing="1" fontUnderline="0" left="491" fontStrikeout="0" fontColor="rgba(0,0,0,255)" backgroundColor="rgba(255,255,255,0)" height="23" aligmentV="vCenter"/>
      <TContainerField width="130" highlighting="" fontSize="10" top="0" fontItalic="0" value="[other]" borderBottom="rgba(0,0,0,255)" borderWidth="1px" fontFamily="MS Shell Dlg 2" borderLeft="rgba(0,0,0,255)" borderTop="rgba(0,0,0,255)" borderRight="rgba(0,0,0,255)" type="label" aligmentH="hRight" fontBold="1" name="field13" borderColor="rgba(0,0,0,255)" borderStyle="solid" printing="1" fontUnderline="0" left="620" fontStrikeout="0" fontColor="rgba(0,0,0,255)" backgroundColor="rgba(255,255,255,0)" height="23" aligmentV="vCenter"/>
    </ReportBand>
    <ReportBand top="581" width="760" left="40" type="MasterFooter" showInGroup="0" height="48" name="MasterFooterBand">
      <TContainerField width="122" highlighting="" fontSize="10" top="5" fontItalic="0" value="TOTAL:" borderBottom="rgba(0,0,0,255)" borderWidth="1px" fontFamily="MS Shell Dlg 2" borderLeft="rgba(0,0,0,255)" borderTop="rgba(0,0,0,255)" borderRight="rgba(0,0,0,255)" type="label" aligmentH="hCenter" fontBold="1" name="field14" borderColor="rgba(0,0,0,255)" borderStyle="solid" printing="1" fontUnderline="0" left="1" fontStrikeout="0" fontColor="rgba(0,0,0,255)" backgroundColor="rgba(170,255,255,255)" height="23" aligmentV="vCenter"/>
      <TContainerField width="112" highlighting="" fontSize="10" top="5" fontItalic="0" value="&lt;Sum([eur])>" borderBottom="rgba(0,0,0,255)" borderWidth="1px" fontFamily="MS Shell Dlg 2" borderLeft="rgba(0,0,0,255)" borderTop="rgba(0,0,0,255)" borderRight="rgba(0,0,0,255)" type="label" aligmentH="hRight" fontBold="1" name="field15" borderColor="rgba(0,0,0,255)" borderStyle="solid" printing="1" fontUnderline="0" left="122" fontStrikeout="0" fontColor="rgba(0,0,0,255)" backgroundColor="rgba(170,255,255,255)" height="23" aligmentV="vCenter"/>
      <TContainerField width="130" highlighting="" fontSize="10" top="5" fontItalic="0" value="&lt;Sum([us])>" borderBottom="rgba(0,0,0,255)" borderWidth="1px" fontFamily="MS Shell Dlg 2" borderLeft="rgba(0,0,0,255)" borderTop="rgba(0,0,0,255)" borderRight="rgba(0,0,0,255)" type="label" aligmentH="hRight" fontBold="1" name="field16" borderColor="rgba(0,0,0,255)" borderStyle="solid" printing="1" fontUnderline="0" left="233" fontStrikeout="0" fontColor="rgba(0,0,0,255)" backgroundColor="rgba(170,255,255,255)" height="23" aligmentV="vCenter"/>
      <TContainerField width="130" highlighting="" fontSize="10" top="5" fontItalic="0" value="&lt;Sum([ukraine])>" borderBottom="rgba(0,0,0,255)" borderWidth="1px" fontFamily="MS Shell Dlg 2" borderLeft="rgba(0,0,0,255)" borderTop="rgba(0,0,0,255)" borderRight="rgba(0,0,0,255)" type="label" aligmentH="hRight" fontBold="1" name="field17" borderColor="rgba(0,0,0,255)" borderStyle="solid" printing="1" fontUnderline="0" left="362" fontStrikeout="0" fontColor="rgba(0,0,0,255)" backgroundColor="rgba(170,255,255,255)" height="23" aligmentV="vCenter"/>
      <TContainerField width="130" highlighting="" fontSize="10" top="5" fontItalic="0" value="&lt;Sum([georgia])>" borderBottom="rgba(0,0,0,255)" borderWidth="1px" fontFamily="MS Shell Dlg 2" borderLeft="rgba(0,0,0,255)" borderTop="rgba(0,0,0,255)" borderRight="rgba(0,0,0,255)" type="label" aligmentH="hRight" fontBold="1" name="field18" borderColor="rgba(0,0,0,255)" borderStyle="solid" printing="1" fontUnderline="0" left="491" fontStrikeout="0" fontColor="rgba(0,0,0,255)" backgroundColor="rgba(170,255,255,255)" height="23" aligmentV="vCenter"/>
      <TContainerField width="130" highlighting="" fontSize="10" top="5" fontItalic="0" value="&lt;Sum([other])>" borderBottom="rgba(0,0,0,255)" borderWidth="1px" fontFamily="MS Shell Dlg 2" borderLeft="rgba(0,0,0,255)" borderTop="rgba(0,0,0,255)" borderRight="rgba(0,0,0,255)" type="label" aligmentH="hRight" fontBold="1" name="field19" borderColor="rgba(0,0,0,255)" borderStyle="solid" printing="1" fontUnderline="0" left="620" fontStrikeout="0" fontColor="rgba(0,0,0,255)" backgroundColor="rgba(170,255,255,255)" height="23" aligmentV="vCenter"/>
    </ReportBand>
  </Report>
</Reports>
